{
  "A0003": {
    "all": {
      "abs_t_hist_edges_m": [
        0.0,
        0.18859688520745718,
        0.37719377041491436,
        0.5657906556223715,
        0.7543875408298287,
        0.9429844260372859,
        1.131581311244743,
        1.3201781964522004,
        1.5087750816596575,
        1.6973719668671146,
        1.8859688520745719,
        2.074565737282029,
        2.263162622489486,
        2.451759507696943,
        2.6403563929044007,
        2.828953278111858,
        3.017550163319315,
        3.206147048526772,
        3.394743933734229,
        3.5833408189416867,
        3.7719377041491438,
        3.960534589356601,
        4.149131474564058,
        4.337728359771515,
        4.526325244978972,
        4.714922130186429,
        4.903519015393886,
        5.092115900601344,
        5.280712785808801,
        5.4693096710162585,
        5.657906556223716,
        5.846503441431173,
        6.03510032663863,
        6.223697211846087,
        6.412294097053544,
        6.600890982261001,
        6.789487867468458,
        6.978084752675915,
        7.166681637883373,
        7.35527852309083,
        7.5438754082982875,
        7.732472293505745,
        7.921069178713202,
        8.10966606392066,
        8.298262949128116,
        8.486859834335574,
        8.67545671954303,
        8.864053604750488,
        9.052650489957944,
        9.241247375165402,
        9.429844260372858,
        9.618441145580316,
        9.807038030787773,
        9.99563491599523,
        10.184231801202689,
        10.372828686410145,
        10.561425571617603,
        10.750022456825059,
        10.938619342032517,
        11.127216227239973,
        11.315813112447431
      ],
      "abs_t_hist_counts": [
        22,
        34,
        29,
        34,
        25,
        32,
        34,
        23,
        31,
        29,
        32,
        38,
        38,
        28,
        22,
        23,
        23,
        17,
        28,
        18,
        27,
        14,
        16,
        16,
        20,
        19,
        7,
        8,
        13,
        12,
        8,
        12,
        7,
        5,
        4,
        6,
        5,
        4,
        2,
        5,
        6,
        7,
        4,
        3,
        1,
        3,
        3,
        3,
        1,
        3,
        0,
        0,
        0,
        0,
        2,
        3,
        2,
        2,
        1,
        1
      ]
    },
    "east": {
      "abs_t_hist_edges_m": [
        0.0,
        0.17156846271448103,
        0.34313692542896207,
        0.5147053881434431,
        0.6862738508579241,
        0.8578423135724051,
        1.0294107762868863,
        1.2009792390013672,
        1.3725477017158483,
        1.5441161644303294,
        1.7156846271448103,
        1.8872530898592914,
        2.0588215525737725,
        2.2303900152882536,
        2.4019584780027343,
        2.5735269407172154,
        2.7450954034316966,
        2.9166638661461777,
        3.088232328860659,
        3.2598007915751395,
        3.4313692542896206,
        3.6029377170041017,
        3.774506179718583,
        3.946074642433064,
        4.117643105147545,
        4.289211567862026,
        4.460780030576507,
        4.632348493290988,
        4.803916956005469,
        4.97548541871995,
        5.147053881434431,
        5.318622344148912,
        5.490190806863393,
        5.661759269577874,
        5.833327732292355,
        6.004896195006836,
        6.176464657721318,
        6.348033120435798,
        6.519601583150279,
        6.6911700458647605,
        6.862738508579241,
        7.034306971293723,
        7.205875434008203,
        7.377443896722684,
        7.549012359437166,
        7.720580822151646,
        7.892149284866128,
        8.06371774758061,
        8.23528621029509,
        8.40685467300957,
        8.578423135724051,
        8.749991598438532,
        8.921560061153015,
        9.093128523867495,
        9.264696986581976,
        9.436265449296457,
        9.607833912010937,
        9.77940237472542,
        9.9509708374399,
        10.122539300154381,
        10.294107762868862
      ],
      "abs_t_hist_counts": [
        11,
        21,
        16,
        21,
        15,
        17,
        20,
        26,
        21,
        20,
        21,
        23,
        30,
        24,
        22,
        22,
        14,
        15,
        21,
        11,
        17,
        13,
        21,
        11,
        12,
        9,
        12,
        15,
        10,
        9,
        6,
        9,
        10,
        5,
        8,
        7,
        5,
        1,
        6,
        5,
        2,
        2,
        2,
        5,
        4,
        6,
        1,
        3,
        0,
        3,
        1,
        0,
        3,
        0,
        3,
        0,
        0,
        0,
        0,
        0
      ],
      "abs_t_peaks_m": [
        2.2068133207711353,
        5.472576596073491
      ],
      "likely_lane_count": 2
    },
    "west": {
      "abs_t_hist_edges_m": [
        0.0,
        0.1946507937222656,
        0.3893015874445312,
        0.5839523811667968,
        0.7786031748890624,
        0.973253968611328,
        1.1679047623335936,
        1.362555556055859,
        1.5572063497781248,
        1.7518571435003905,
        1.946507937222656,
        2.1411587309449214,
        2.3358095246671873,
        2.5304603183894527,
        2.725111112111718,
        2.919761905833984,
        3.1144126995562496,
        3.309063493278515,
        3.503714287000781,
        3.6983650807230464,
        3.893015874445312,
        4.087666668167578,
        4.282317461889843,
        4.476968255612109,
        4.6716190493343746,
        4.86626984305664,
        5.0609206367789055,
        5.255571430501171,
        5.450222224223436,
        5.644873017945702,
        5.839523811667968,
        6.034174605390233,
        6.228825399112499,
        6.423476192834765,
        6.61812698655703,
        6.812777780279296,
        7.007428574001562,
        7.202079367723827,
        7.396730161446093,
        7.591380955168359,
        7.786031748890624,
        7.98068254261289,
        8.175333336335155,
        8.369984130057421,
        8.564634923779685,
        8.759285717501951,
        8.953936511224217,
        9.148587304946483,
        9.343238098668749,
        9.537888892391015,
        9.73253968611328,
        9.927190479835545,
        10.121841273557811,
        10.316492067280077,
        10.511142861002343,
        10.705793654724609,
        10.900444448446873,
        11.095095242169139,
        11.289746035891405,
        11.48439682961367,
        11.679047623335936
      ],
      "abs_t_hist_counts": [
        9,
        13,
        8,
        13,
        8,
        10,
        8,
        4,
        6,
        6,
        8,
        10,
        5,
        5,
        2,
        5,
        3,
        9,
        5,
        7,
        3,
        1,
        5,
        5,
        3,
        0,
        1,
        4,
        2,
        2,
        3,
        0,
        1,
        1,
        0,
        1,
        1,
        1,
        1,
        0,
        2,
        2,
        0,
        1,
        1,
        1,
        0,
        1,
        0,
        0,
        0,
        0,
        2,
        0,
        3,
        1,
        2,
        1,
        1,
        1
      ],
      "abs_t_peaks_m": [
        2.078683318226144,
        5.34154558695912,
        10.665162972786607
      ],
      "likely_lane_count": 3
    },
    "params": {
      "bin_size_m": 17.0,
      "min_pts_per_bin": 25,
      "nbins_t": 64,
      "min_lane_sep_m": 3.2,
      "sigma_bins": 1.5,
      "smooth_win": 7,
      "lane_width": 3.5,
      "half_lane": 1.75
    },