{
  "A0003": {
    "params": {
      "directions_used": [
        "A1-1",
        "B2-1",
        "B3-2"
      ],
      "speed_thresh_mps": 1.3888888888888888,
      "max_upstream_m": 120.0,
      "quantile_for_stopline": 0.95
    },
    "orientation_check": {
      "share_s_raw_pos_before_flip": 0.029282576866764276,
      "final_share_s_pos": 0.0,
      "expect_upstream_nonpos": true
    },
    "stopline": {
      "stop_s_m": -16.955959279069866,
      "distance_to_center_m": 16.955959279069866,
      "beyond_fraction": 0.050173010380622836,
      "constraint_ok": false
    },
    "overall": {
      "n_points": 578,
      "s_m_summary": {
        "count": 578,
        "min": -113.9879753159719,
        "p10": -76.46775033719265,
        "p25": -58.83384354694327,
        "median": -41.75219509665059,
        "p75": -31.204303890551053,
        "p90": -20.47673796472411,
        "p95": -16.955959279069866,
        "max": -9.963775712701512,
        "mean": -46.20473582231901,
        "std": 21.25744387329676
      },
      "unique_vehicles": 384,
      "unique_segments": 4
    }
  },
  "A0008": {
    "params": {
      "directions_used": [
        "A1-1",
        "B2-1",
        "B3-2"
      ],
      "speed_thresh_mps": 1.3888888888888888,
      "max_upstream_m": 120.0,
      "quantile_for_stopline": 0.95
    },
    "orientation_check": {
      "share_s_raw_pos_before_flip": 0.07975460122699386,
      "final_share_s_pos": 0.0,
      "expect_upstream_nonpos": true
    },
    "stopline": {
      "stop_s_m": -30.98337073329038,
      "distance_to_center_m": 30.98337073329038,
      "beyond_fraction": 0.05185185185185185,
      "constraint_ok": false
    },
    "overall": {
      "n_points": 135,
      "s_m_summary": {
        "count": 135,
        "min": -111.98138754162036,
        "p10": -55.83311930085592,
        "p25": -48.71559120942898,
        "median": -41.66866648291203,
        "p75": -35.775349699443154,
        "p90": -33.17632484238945,
        "p95": -30.98337073329038,
        "max": -6.632418419478517,
        "mean": -43.74322183621539,
        "std": 14.481599286331713
      },
      "unique_vehicles": 116,
      "unique_segments": 4
    }
  }
}