direction,start_offset_s,end_offset_s,start_time,end_time,score
A1,32,70,16:34:56,16:35:34,70.495333
A2,3,44,16:34:27,16:35:08,25.562943
B1,102,10,16:36:06,16:34:34,65.606097
B2,86,117,16:35:50,16:36:21,21.083125
