{
  "A0003": {
    "stopline_segment": [
      [
        123.15287791432083,
        32.34521902883932
      ],
      [
        123.15287271295833,
        32.34503865691471
      ]
    ]
  },
  "A0008": {
    "stopline_segment": [
      [
        123.18155927827053,
        32.327206795847395
      ],
      [
        123.18158786749152,
        32.32702800994539
      ]
    ]
  }
}