{
  "A0003": {
    "west": {
      "stopline_segment": [
        [
          123.15235223416738,
          32.345049471897916
        ],
        [
          123.152357434498,
          32.345229843846795
        ]
      ]
    },
    "east": {
      "stopline_segment": [
        [
          123.15287791432083,
          32.34521902883932
        ],
        [
          123.15287271295833,
          32.34503865691471
        ]
      ]
    },
    "south": {
      "stopline_segment": [
        [
          123.15266227543368,
          32.344858911396585
        ],
        [
          123.15245023811784,
          32.34484652096735
        ]
      ]
    },
    "north": {
      "stopline_segment": [
        [
          123.15242216531502,
          32.34519271882304
        ],
        [
          123.1526342034349,
          32.34520510929634
        ]
      ]
    }
  },
  "A0008": {
    "west": {
      "stopline_segment": [
        [
          123.1809583167325,
          32.3269554324583
        ],
        [
          123.18092972629564,
          32.3271342182241
        ]
      ]
    },
    "east": {
      "stopline_segment": [
        [
          123.18155927827053,
          32.327206795847395
        ],
        [
          123.18158786749152,
          32.32702800994539
        ]
      ]
    },
    "south": {
      "stopline_segment": [
        [
          123.18141602087789,
          32.327012643822684
        ],
        [
          123.18121870364976,
          32.32694567475457
        ]
      ]
    },
    "north": {
      "stopline_segment": [
        [
          123.18112274626951,
          32.32714950131685
        ],
        [
          123.18132006387057,
          32.32721647053151
        ]
      ]
    }
  }
}