{
  "A0003": {
    "west": {
      "stopline_segment": [
        [
          123.15232141754163,
          32.345050112166476
        ],
        [
          123.15232661781116,
          32.34523048411678
        ]
      ]
    },
    "east": {
      "stopline_segment": [
        [
          123.15274516285729,
          32.3452217874753
        ],
        [
          123.152739961758,
          32.345041415544515
        ]
      ]
    },
    "south": {
      "stopline_segment": [
        [
          123.15264690985141,
          32.34504840774767
        ],
        [
          123.15243487209543,
          32.34503601729432
        ]
      ]
    },
    "north": {
      "stopline_segment": [
        [
          123.1524196699297,
          32.34522349214945
        ],
        [
          123.15263170812105,
          32.34523588262667
        ]
      ]
    }
  },
  "A0008": {
    "west": {
      "stopline_segment": [
        [
          123.18095931054877,
          32.32695554703255
        ],
        [
          123.18093072011382,
          32.32713433279856
        ]
      ]
    },
    "east": {
      "stopline_segment": [
        [
          123.18157833031059,
          32.327208992202664
        ],
        [
          123.18160691949481,
          32.32703020629654
        ]
      ]
    },
    "south": {
      "stopline_segment": [
        [
          123.18142263487582,
          32.32699859468801
        ],
        [
          123.1812253176734,
          32.32693162562999
        ]
      ]
    },
    "north": {
      "stopline_segment": [
        [
          123.18111500484068,
          32.32716594512442
        ],
        [
          123.18131232247185,
          32.3272329143509
        ]
      ]
    }
  }
}