{
  "A0003": {
    "stopline_segment": [
      [
        123.15235055302564,
        32.34504950682673
      ],
      [
        123.15235575335295,
        32.34522987877569
      ]
    ]
  },
  "A0008": {
    "stopline_segment": [
      [
        123.18095691423385,
        32.3269552707682
      ],
      [
        123.18092832379429,
        32.3271340565337
      ]
    ]
  }
}